productId,name,quantity,category,subCategory
prod1548#prod104001000080,High-top sneakers,8,Shoes,Sneakers
prod1566#prod106041004115,Lace blouse,4,Clothing,Blouse
prod3214#prod117021007065,Leather belt,2,Accessories,Belts
prod1585#prod500001015120,Tailored waistcoat,71,Clothing,Waistcoat
prod1572#prod108001000090,Slim-fit jeans,3,Clothing,Jeans
prod2289#prod113111027070,Slim-fit chinos,5,Clothing,Chinos
prod3141#prod101121002050,Lace blouse,3,Clothing,Blouse
prod1538#prod102051009065,Logo-print belt,5,Accessories,Belts
prod1524#prod100051005070,Satin blouse,7,Clothing,Blouse
prod3150#prod102091003130,Embellished dress,1,Clothing,Dress
prod1520#prod100011001095,x Off White hooded jacket,9,Clothing,Jacket
prod1640#prod110001009065,Embellished shoulder bag,8,Accessories,Bags
prod1533#prod102001000120,x Off White hoodie,3,Clothing,Hoodie
prod3147#prod100151004100,High-top sneakers,6,Shoes,Sneakers
prod1529#prod101021002065,Slim-fit trousers,2,Clothing,Trousers
prod1527#prod101001000110,Tapered jeans,0,Clothing,Jeans
prod1548#prod104001000130,High-top sneakers,2,Shoes,Sneakers
prod3212#prod115031007085,Logo-print T-shirt,10,Clothing,T-shirt
prod3142#prod101131004110,Floral shirt dress,6,Clothing,Dress
prod1523#prod100041004090,Studded clutch bag,0,Accessories,Bags
prod2302#prod100101003100,Relaxed-fit jeans,9,Clothing,Jeans
prod1542#prod103031003120,Denim shirt dress,1,Clothing,Dress
prod3217#prod121001010085,High-top sneakers,9,Shoes,Sneakers
prod1530#prod101031003095,Sneakers,8,Shoes,Sneakers
prod3215#prod120001005065,Satin blazer,1,Clothing,Blazer
prod1560#prod105031003070,Tailored coat,2,Clothing,Coat
prod1567#prod107001000115,Floral shirt dress,1,Clothing,Dress
prod3146#prod100141002100,Low-top sneakers,10,Shoes,Sneakers
prod3165#prod114121062070,Leather ankle boots,0,Shoes,Boots
prod1642#prod112001010115,Silk camisole,1,Clothing,Camisole
prod3150#prod102091003080,Embellished dress,11,Clothing,Dress
prod3143#prod101141010085,Skinny jeans,4,Clothing,Jeans
prod1533#prod102001000090,x Off White hoodie,0,Clothing,Hoodie
prod3149#prod102081002070,Tapered jeans,7,Clothing,Jeans
prod2278#prod501151004207,Embellished tote bag,1,Accessories,Bags
prod1585#prod500001015090,Tailored waistcoat,525,Clothing,Waistcoat
prod2330#prod117001005110,Suede loafers,8,Shoes,Loafers
prod1572#prod108001000120,Slim-fit jeans,3,Clothing,Jeans
prod2297#prod114071022030,Leather sandals,6,Shoes,Sandals
prod1564#prod106021002105,Logo-print scarf,4,Accessories,Scarves
prod1536#prod102031003080,Leather ankle boots,10,Shoes,Boots
prod1574#prod108021002065,Logo-print hoodie,3,Clothing,Hoodie
prod1544#prod103051005085,Graphic T-shirt,3,Clothing,T-shirt
prod1540#prod103011001060,Silk blouse,4,Clothing,Blouse
prod3151#prod102101004120,Logo-print T-shirt,2,Clothing,T-shirt
prod1528#prod101011001070,Logo-print T-shirt,6,Clothing,T-shirt
prod2284#prod113061003120,Logo-print shorts,5,Clothing,Shorts
prod1521#prod100021002130,Suede ankle boots,1,Shoes,Boots
prod1522#prod100031003065,Leather belt,14,Accessories,Belts
prod1531#prod101041004060,Tailored blazer,7,Clothing,Blazer
prod1526#prod100071007080,Striped shirt dress,10,Clothing,Dress
prod1540#prod103011001050,Silk blouse,2,Clothing,Blouse
prod3151#prod102101004110,Logo-print T-shirt,6,Clothing,T-shirt
prod3218#prod121011003105,Studded clutch bag,0,Accessories,Bags
prod2298#prod114081025080,Logo-print baseball cap,6,Accessories,Caps
prod2304#prod101091003090,Straight-leg trousers,5,Clothing,Trousers
prod2303#prod100111000075,Graphic T-shirt,0,Clothing,T-shirt
prod2284#prod113061003110,Logo-print shorts,5,Clothing,Shorts
prod3144#prod100161004085,Graphic hoodie,0,Clothing,Hoodie
prod3161#prod112031058065,Logo-print hoodie,4,Clothing,Hoodie
prod1595#prod115011003065,Logo-print cap,3,Accessories,Caps
prod2301#prod114111010090,Striped shirt dress,44,Clothing,Dress
prod1565#prod106031003090,Embellished clutch bag,10,Accessories,Bags
prod1521#prod100021002100,Suede ankle boots,18,Shoes,Boots
prod1594#prod115001005065,Leather loafers,6,Shoes,Loafers
prod2280#prod501101021201,Checked shirt,17,Clothing,Shirt
prod1539#prod103001000105,Embroidered clutch bag,4,Accessories,Bags
prod1531#prod101041004050,Tailored blazer,1,Clothing,Blazer
prod1548#prod104001000100,High-top sneakers,4,Shoes,Sneakers
prod1527#prod101001000120,Tapered jeans,0,Clothing,Jeans
prod3147#prod100151004130,High-top sneakers,0,Shoes,Sneakers
prod3146#prod100141002130,Low-top sneakers,2,Shoes,Sneakers
prod3165#prod114121062040,Leather ankle boots,0,Shoes,Boots
prod1542#prod103031003110,Denim shirt dress,4,Clothing,Dress
prod3142#prod101131004120,Floral shirt dress,0,Clothing,Dress
prod2302#prod100101003130,Relaxed-fit jeans,6,Clothing,Jeans
prod1520#prod100011001115,x Off White hooded jacket,9,Clothing,Jacket
prod3169#prod114511011625,Embroidered dress,0,Clothing,Dress
prod2277#prod501141003203,Logo-print beanie,19,Accessories,Beanies
prod2183#prod501071018207,Graphic sweatshirt,5,Clothing,Sweatshirt
prod1562#prod106001000070,x Off White bomber jacket,4,Clothing,Jacket
prod2330#prod117001005120,Suede loafers,0,Shoes,Loafers
prod1572#prod108001000110,Slim-fit jeans,0,Clothing,Jeans
prod3169#prod114511011633,Embroidered dress,5,Clothing,Dress
prod1566#prod106041004095,Lace blouse,4,Clothing,Blouse
prod1563#prod106011001065,Suede loafers,5,Shoes,Loafers
prod3146#prod100141002080,Low-top sneakers,8,Shoes,Sneakers
prod1519#prod100001000060,Straight-leg tailored trousers,6,Clothing,Tailored Pants
prod1567#prod107001000095,Floral shirt dress,0,Clothing,Dress
prod3217#prod121001010105,High-top sneakers,3,Shoes,Sneakers
prod1530#prod101031003115,Sneakers,6,Shoes,Sneakers
prod3142#prod101131004090,Floral shirt dress,11,Clothing,Dress
prod1523#prod100041004110,Studded clutch bag,2,Accessories,Bags
prod2302#prod100101003080,Relaxed-fit jeans,23,Clothing,Jeans
prod3212#prod115031007105,Logo-print T-shirt,4,Clothing,T-shirt
prod2276#prod501131002204,Suede sandals,13,Shoes,Sandals
prod1527#prod101001000090,Tapered jeans,20,Clothing,Jeans
prod3147#prod100151004080,High-top sneakers,3,Shoes,Sneakers
prod3141#prod101121002060,Lace blouse,1,Clothing,Blouse
prod2330#prod117001005090,Suede loafers,3,Shoes,Loafers
prod1585#prod500001015110,Tailored waistcoat,200,Clothing,Waistcoat
prod2329#prod100121010070,x Off White bomber jacket,15,Clothing,Jacket
prod3143#prod101141010105,Skinny jeans,0,Clothing,Jeans
prod1533#prod102001000110,x Off White hoodie,6,Clothing,Hoodie
prod2305#prod101101000075,High-top sneakers,3,Shoes,Sneakers
prod3150#prod102091003100,Embellished dress,12,Clothing,Dress
prod1642#prod112001010095,Silk camisole,0,Clothing,Camisole
prod3145#prod100131001070,Relaxed-fit trousers,6,Clothing,Trousers
prod2182#prod501061007202,Relaxed-fit jeans,9,Clothing,Jeans
prod2304#prod101091003120,Straight-leg trousers,3,Clothing,Trousers
prod2281#prod100091003050,Bootcut jeans,1,Clothing,Jeans
prod2279#prod501091020205,Lace dress,0,Clothing,Dress
prod2306#prod102061000075,Tailored coat,1,Clothing,Coat
prod1544#prod103051005105,Graphic T-shirt,2,Clothing,T-shirt
prod1564#prod106021002085,Logo-print scarf,8,Accessories,Scarves
prod2298#prod114081025130,Logo-print baseball cap,0,Accessories,Caps
prod2297#prod114071022070,Leather sandals,45,Shoes,Sandals
prod1536#prod102031003100,Leather ankle boots,5,Shoes,Boots
prod1526#prod100071007100,Striped shirt dress,9,Clothing,Dress
prod2274#prod501111000205,x Off White sweatpants,14,Clothing,Sweatpants
prod3160#prod112021057050,Slim-fit trousers,2,Clothing,Trousers
prod3165#prod114121062030,Leather ankle boots,4,Shoes,Boots
prod2301#prod114111010120,Striped shirt dress,0,Clothing,Dress
prod1565#prod106031003120,Embellished clutch bag,1,Accessories,Bags
prod1548#prod104001000110,High-top sneakers,2,Shoes,Sneakers
prod3147#prod100151004120,High-top sneakers,1,Shoes,Sneakers
prod1527#prod101001000130,Tapered jeans,0,Clothing,Jeans
prod1560#prod105031003050,Tailored coat,2,Clothing,Coat
prod3146#prod100141002120,Low-top sneakers,0,Shoes,Sneakers
prod3165#prod114121062050,Leather ankle boots,0,Shoes,Boots
prod3142#prod101131004130,Floral shirt dress,2,Clothing,Dress
prod2302#prod100101003120,Relaxed-fit jeans,1,Clothing,Jeans
prod1542#prod103031003100,Denim shirt dress,6,Clothing,Dress
prod1520#prod100011001105,x Off White hooded jacket,7,Clothing,Jacket
prod2330#prod117001005130,Suede loafers,1,Shoes,Loafers
prod1572#prod108001000100,Slim-fit jeans,1,Clothing,Jeans
prod1562#prod106001000060,x Off White bomber jacket,6,Clothing,Jacket
prod3149#prod102081002050,Tapered jeans,3,Clothing,Jeans
prod1566#prod106041004085,Lace blouse,9,Clothing,Blouse
prod2277#prod501141003205,Logo-print beanie,3,Accessories,Beanies
prod2183#prod501071018201,Graphic sweatshirt,17,Clothing,Sweatshirt
prod3151#prod102101004100,Logo-print T-shirt,7,Clothing,T-shirt
prod3218#prod121011003115,Studded clutch bag,1,Accessories,Bags
prod1528#prod101011001050,Logo-print T-shirt,1,Clothing,T-shirt
prod2298#prod114081025090,Logo-print baseball cap,18,Accessories,Caps
prod3144#prod100161004095,Graphic hoodie,1,Clothing,Hoodie
prod2304#prod101091003080,Straight-leg trousers,15,Clothing,Trousers
prod2303#prod100111000065,Graphic T-shirt,0,Clothing,T-shirt
prod2284#prod113061003100,Logo-print shorts,16,Clothing,Shorts
prod2280#prod501101021207,Checked shirt,4,Clothing,Shirt
prod1595#prod115011003075,Logo-print cap,8,Accessories,Caps
prod2301#prod114111010080,Striped shirt dress,53,Clothing,Dress
prod1565#prod106031003080,Embellished clutch bag,2,Accessories,Bags
prod1521#prod100021002110,Suede ankle boots,2,Shoes,Boots
prod3161#prod112031058075,Logo-print hoodie,7,Clothing,Hoodie
prod1594#prod115001005075,Leather loafers,10,Shoes,Loafers
prod1539#prod103001000115,Embroidered clutch bag,2,Accessories,Bags
prod2279#prod501091020203,Lace dress,21,Clothing,Dress
prod3145#prod100131001060,Relaxed-fit trousers,3,Clothing,Trousers
prod2304#prod101091003130,Straight-leg trousers,3,Clothing,Trousers
prod2182#prod501061007204,Relaxed-fit jeans,1,Clothing,Jeans
prod1564#prod106021002095,Logo-print scarf,7,Accessories,Scarves
prod2298#prod114081025120,Logo-print baseball cap,0,Accessories,Caps
prod2297#prod114071022060,Leather sandals,17,Shoes,Sandals
prod1536#prod102031003110,Leather ankle boots,4,Shoes,Boots
prod2306#prod102061000065,Tailored coat,5,Clothing,Coat
prod1544#prod103051005115,Graphic T-shirt,1,Clothing,T-shirt
prod1526#prod100071007110,Striped shirt dress,7,Clothing,Dress
prod2274#prod501111000203,x Off White sweatpants,30,Clothing,Sweatpants
prod2301#prod114111010130,Striped shirt dress,0,Clothing,Dress
prod1565#prod106031003130,Embellished clutch bag,2,Accessories,Bags
prod3165#prod114121062020,Leather ankle boots,2,Shoes,Boots
prod1575#prod108031003050,Straight-leg trousers,1,Clothing,Trousers
prod1519#prod100001000070,Straight-leg tailored trousers,6,Clothing,Tailored Pants
prod1567#prod107001000085,Floral shirt dress,0,Clothing,Dress
prod1563#prod106011001075,Suede loafers,9,Shoes,Loafers
prod3146#prod100141002090,Low-top sneakers,10,Shoes,Sneakers
prod2276#prod501131002202,Suede sandals,31,Shoes,Sandals
prod3142#prod101131004080,Floral shirt dress,12,Clothing,Dress
prod1523#prod100041004100,Studded clutch bag,2,Accessories,Bags
prod2302#prod100101003090,Relaxed-fit jeans,16,Clothing,Jeans
prod3217#prod121001010115,High-top sneakers,0,Shoes,Sneakers
prod1530#prod101031003105,Sneakers,8,Shoes,Sneakers
prod3212#prod115031007115,Logo-print T-shirt,4,Clothing,T-shirt
prod3147#prod100151004090,High-top sneakers,12,Shoes,Sneakers
prod1527#prod101001000080,Tapered jeans,8,Clothing,Jeans
prod2330#prod117001005080,Suede loafers,3,Shoes,Loafers
prod3141#prod101121002070,Lace blouse,2,Clothing,Blouse
prod2289#prod113111027050,Slim-fit chinos,0,Clothing,Chinos
prod2329#prod100121010060,x Off White bomber jacket,7,Clothing,Jacket
prod1585#prod500001015100,Tailored waistcoat,353,Clothing,Waistcoat
prod2305#prod101101000065,High-top sneakers,3,Shoes,Sneakers
prod3143#prod101141010115,Skinny jeans,0,Clothing,Jeans
prod1533#prod102001000100,x Off White hoodie,0,Clothing,Hoodie
prod1524#prod100051005050,Satin blouse,8,Clothing,Blouse
prod1642#prod112001010085,Silk camisole,2,Clothing,Camisole
prod3150#prod102091003110,Embellished dress,5,Clothing,Dress
prod1542#prod103031003080,Denim shirt dress,10,Clothing,Dress
prod1523#prod100041004130,Studded clutch bag,0,Accessories,Bags
prod1546#prod103071007065,Relaxed-fit trousers,3,Clothing,Trousers
prod1548#prod104001000090,High-top sneakers,6,Shoes,Sneakers
prod3214#prod117021007075,Leather belt,4,Accessories,Belts
prod1585#prod500001015130,Tailored waistcoat,0,Clothing,Waistcoat
prod2329#prod100121010050,x Off White bomber jacket,1,Clothing,Jacket
prod1566#prod106041004105,Lace blouse,1,Clothing,Blouse
prod2988#prod502021015302,Logo-print scarf,134,Accessories,Scarves
prod2289#prod113111027060,Slim-fit chinos,2,Clothing,Chinos
prod1572#prod108001000080,Slim-fit jeans,7,Clothing,Jeans
prod3150#prod102091003120,Embellished dress,2,Clothing,Dress
prod1538#prod102051009075,Logo-print belt,2,Accessories,Belts
prod1524#prod100051005060,Satin blouse,0,Clothing,Blouse
prod1520#prod100011001085,x Off White hooded jacket,13,Clothing,Jacket
prod1640#prod110001009075,Embellished shoulder bag,12,Accessories,Bags
prod1533#prod102001000130,x Off White hoodie,2,Clothing,Hoodie
prod2304#prod101091003100,Straight-leg trousers,11,Clothing,Trousers
prod2284#prod113061003080,Logo-print shorts,26,Clothing,Shorts
prod2281#prod100091003070,Bootcut jeans,4,Clothing,Jeans
prod3144#prod100161004115,Graphic hoodie,0,Clothing,Hoodie
prod3145#prod100131001050,Relaxed-fit trousers,3,Clothing,Trousers
prod2297#prod114071022050,Leather sandals,6,Shoes,Sandals
prod2298#prod114081025110,Logo-print baseball cap,0,Accessories,Caps
prod1536#prod102031003120,Leather ankle boots,2,Shoes,Boots
prod3151#prod102101004080,Logo-print T-shirt,12,Clothing,T-shirt
prod3218#prod121011003095,Studded clutch bag,2,Accessories,Bags
prod1543#prod103041004075,Skinny jeans,3,Clothing,Jeans
prod1539#prod103001000095,Embroidered clutch bag,4,Accessories,Bags
prod1526#prod100071007120,Striped shirt dress,2,Clothing,Dress
prod1575#prod108031003060,Straight-leg trousers,5,Clothing,Trousers
prod1565#prod106031003100,Embellished clutch bag,6,Accessories,Bags
prod2301#prod114111010100,Striped shirt dress,6,Clothing,Dress
prod1521#prod100021002090,Suede ankle boots,10,Shoes,Boots
prod3160#prod112021057070,Slim-fit trousers,5,Clothing,Trousers
prod1574#prod108021002075,Logo-print hoodie,4,Clothing,Hoodie
prod1544#prod103051005095,Graphic T-shirt,6,Clothing,T-shirt
prod1564#prod106021002115,Logo-print scarf,5,Accessories,Scarves
prod1536#prod102031003090,Leather ankle boots,12,Shoes,Boots
prod1528#prod101011001060,Logo-print T-shirt,0,Clothing,T-shirt
prod1540#prod103011001070,Silk blouse,5,Clothing,Blouse
prod3151#prod102101004130,Logo-print T-shirt,1,Clothing,T-shirt
prod3231#prod502111053302,Straight-leg tailored trousers,115,Clothing,Tailored Pants
prod1521#prod100021002120,Suede ankle boots,0,Shoes,Boots
prod1531#prod101041004070,Tailored blazer,9,Clothing,Blazer
prod1522#prod100031003075,Leather belt,0,Accessories,Belts
prod1526#prod100071007090,Striped shirt dress,13,Clothing,Dress
prod1527#prod101001000100,Tapered jeans,10,Clothing,Jeans
prod3147#prod100151004110,High-top sneakers,1,Shoes,Sneakers
prod1529#prod101021002075,Slim-fit trousers,8,Clothing,Trousers
prod3212#prod115031007095,Logo-print T-shirt,6,Clothing,T-shirt
prod3169#prod114511011629,Embroidered dress,6,Clothing,Dress
prod1548#prod104001000120,High-top sneakers,1,Shoes,Sneakers
prod1542#prod103031003130,Denim shirt dress,2,Clothing,Dress
prod3217#prod121001010095,High-top sneakers,1,Shoes,Sneakers
prod3215#prod120001005075,Satin blazer,0,Clothing,Blazer
prod1530#prod101031003085,Sneakers,10,Shoes,Sneakers
prod3142#prod101131004100,Floral shirt dress,5,Clothing,Dress
prod1523#prod100041004080,Studded clutch bag,0,Accessories,Bags
prod2302#prod100101003110,Relaxed-fit jeans,6,Clothing,Jeans
prod3146#prod100141002110,Low-top sneakers,6,Shoes,Sneakers
prod3165#prod114121062060,Leather ankle boots,2,Shoes,Boots
prod1567#prod107001000105,Floral shirt dress,1,Clothing,Dress
prod1560#prod105031003060,Tailored coat,0,Clothing,Coat
prod3150#prod102091003090,Embellished dress,14,Clothing,Dress
prod1642#prod112001010105,Silk camisole,5,Clothing,Camisole
prod2278#prod501151004201,Embellished tote bag,15,Accessories,Bags
prod3143#prod101141010095,Skinny jeans,0,Clothing,Jeans
prod1533#prod102001000080,x Off White hoodie,0,Clothing,Hoodie
prod1585#prod500001015080,Tailored waistcoat,502,Clothing,Waistcoat
prod3149#prod102081002060,Tapered jeans,4,Clothing,Jeans
prod1562#prod106001000050,x Off White bomber jacket,1,Clothing,Jacket
prod2330#prod117001005100,Suede loafers,9,Shoes,Loafers
prod2297#prod114071022020,Leather sandals,2,Shoes,Sandals
prod1572#prod108001000130,Slim-fit jeans,1,Clothing,Jeans
prod3160#prod112021057100,Slim-fit trousers,5,Clothing,Trousers
prod2181#prod501051005207,Striped shirt,4,Clothing,Shirt
prod1575#prod108031003110,Straight-leg trousers,4,Clothing,Trousers
prod3161#prod112031058085,Logo-print hoodie,12,Clothing,Hoodie
prod2182#prod501061007205,Relaxed-fit jeans,3,Clothing,Jeans
prod2301#prod114111010070,Striped shirt dress,41,Clothing,Dress
prod1565#prod106031003070,Embellished clutch bag,16,Accessories,Bags
prod1595#prod115011003085,Logo-print cap,4,Accessories,Caps
prod1526#prod100071007050,Striped shirt dress,2,Clothing,Dress
prod1594#prod115001005085,Leather loafers,7,Shoes,Loafers
prod1543#prod103041004105,Skinny jeans,3,Clothing,Jeans
prod2279#prod501091020202,Lace dress,25,Clothing,Dress
prod1536#prod102031003050,Leather ankle boots,8,Shoes,Boots
prod2298#prod114081025060,Logo-print baseball cap,1,Accessories,Caps
prod2297#prod114071022120,Leather sandals,0,Shoes,Sandals
prod2274#prod501111000202,x Off White sweatpants,0,Clothing,Sweatpants
prod3145#prod100131001120,Relaxed-fit trousers,3,Clothing,Trousers
prod2304#prod101091003070,Straight-leg trousers,11,Clothing,Trousers
prod2303#prod100111000095,Graphic T-shirt,0,Clothing,T-shirt
prod3144#prod100161004065,Graphic hoodie,3,Clothing,Hoodie
prod2281#prod100091003100,Bootcut jeans,4,Clothing,Jeans
prod1640#prod110001009105,Embellished shoulder bag,8,Accessories,Bags
prod3150#prod102091003050,Embellished dress,3,Clothing,Dress
prod1524#prod100051005110,Satin blouse,4,Clothing,Blouse
prod1538#prod102051009105,Logo-print belt,8,Accessories,Belts
prod1562#prod106001000090,x Off White bomber jacket,7,Clothing,Jacket
prod3141#prod101121002130,Lace blouse,1,Clothing,Blouse
prod2289#prod113111027110,Slim-fit chinos,6,Clothing,Chinos
prod3214#prod117021007105,Leather belt,4,Accessories,Belts
prod2276#prod501131002203,Suede sandals,24,Shoes,Sandals
prod1566#prod106041004075,Lace blouse,6,Clothing,Blouse
prod2329#prod100121010120,x Off White bomber jacket,0,Clothing,Jacket
prod1546#prod103071007115,Relaxed-fit trousers,3,Clothing,Trousers
prod1519#prod100001000130,Straight-leg tailored trousers,2,Clothing,Tailored Pants
prod1562#prod106001000120,x Off White bomber jacket,3,Clothing,Jacket
prod3141#prod101121002080,Lace blouse,7,Clothing,Blouse
prod2330#prod117001005070,Suede loafers,1,Shoes,Loafers
prod2329#prod100121010090,x Off White bomber jacket,20,Clothing,Jacket
prod3149#prod102081002110,Tapered jeans,7,Clothing,Jeans
prod2305#prod101101000095,High-top sneakers,3,Shoes,Sneakers
prod1642#prod112001010075,Silk camisole,1,Clothing,Camisole
prod3165#prod114121062110,Leather ankle boots,2,Shoes,Boots
prod2277#prod501141003204,Logo-print beanie,18,Accessories,Beanies
prod1563#prod106011001085,Suede loafers,1,Shoes,Loafers
prod3146#prod100141002060,Low-top sneakers,3,Shoes,Sneakers
prod1519#prod100001000080,Straight-leg tailored trousers,0,Clothing,Tailored Pants
prod1560#prod105031003110,Tailored coat,0,Clothing,Coat
prod1567#prod107001000075,Floral shirt dress,1,Clothing,Dress
prod3215#prod120001005105,Satin blazer,1,Clothing,Blazer
prod2302#prod100101003060,Relaxed-fit jeans,9,Clothing,Jeans
prod3142#prod101131004070,Floral shirt dress,10,Clothing,Dress
prod3169#prod114511011634,Embroidered dress,1,Clothing,Dress
prod1548#prod104001000050,High-top sneakers,3,Shoes,Sneakers
prod1527#prod101001000070,Tapered jeans,3,Clothing,Jeans
prod1529#prod101021002105,Slim-fit trousers,4,Clothing,Trousers
prod3147#prod100151004060,High-top sneakers,5,Shoes,Sneakers
prod1531#prod101041004100,Tailored blazer,6,Clothing,Blazer
prod1522#prod100031003105,Leather belt,4,Accessories,Belts
prod1521#prod100021002050,Suede ankle boots,4,Shoes,Boots
prod3145#prod100131001090,Relaxed-fit trousers,6,Clothing,Trousers
prod1528#prod101011001110,Logo-print T-shirt,3,Clothing,T-shirt
prod1540#prod103011001100,Silk blouse,1,Clothing,Blouse
prod1574#prod108021002105,Logo-print hoodie,5,Clothing,Hoodie
prod2306#prod102061000095,Tailored coat,4,Clothing,Coat
prod1564#prod106021002065,Logo-print scarf,8,Accessories,Scarves
prod2297#prod114071022090,Leather sandals,31,Shoes,Sandals
prod1543#prod103041004085,Skinny jeans,3,Clothing,Jeans
prod1531#prod101041004130,Tailored blazer,2,Clothing,Blazer
prod1539#prod103001000065,Embroidered clutch bag,6,Accessories,Bags
prod1594#prod115001005105,Leather loafers,5,Shoes,Loafers
prod1521#prod100021002060,Suede ankle boots,4,Shoes,Boots
prod1595#prod115011003105,Logo-print cap,4,Accessories,Caps
prod1575#prod108031003090,Straight-leg trousers,4,Clothing,Trousers
prod3161#prod112031058105,Logo-print hoodie,8,Clothing,Hoodie
prod3160#prod112021057080,Slim-fit trousers,8,Clothing,Trousers
prod2281#prod100091003080,Bootcut jeans,10,Clothing,Jeans
prod2284#prod113061003070,Logo-print shorts,11,Clothing,Shorts
prod2303#prod100111000115,Graphic T-shirt,5,Clothing,T-shirt
prod3218#prod121011003065,Studded clutch bag,0,Accessories,Bags
prod1540#prod103011001130,Silk blouse,5,Clothing,Blouse
prod3151#prod102101004070,Logo-print T-shirt,5,Clothing,T-shirt
prod1528#prod101011001120,Logo-print T-shirt,1,Clothing,T-shirt
prod2267#prod503131035500,Slim-fit chinos,19,Clothing,Chinos
prod3149#prod102081002120,Tapered jeans,0,Clothing,Jeans
prod3214#prod117021007085,Leather belt,0,Accessories,Belts
prod2298#prod114081025020,Logo-print baseball cap,1,Accessories,Caps
prod1572#prod108001000070,Slim-fit jeans,5,Clothing,Jeans
prod1562#prod106001000110,x Off White bomber jacket,4,Clothing,Jacket
prod2289#prod113111027090,Slim-fit chinos,25,Clothing,Chinos
prod1524#prod100051005090,Satin blouse,9,Clothing,Blouse
prod1538#prod102051009085,Logo-print belt,18,Accessories,Belts
prod3169#prod114511011628,Embroidered dress,5,Clothing,Dress
prod1640#prod110001009085,Embellished shoulder bag,21,Accessories,Bags
prod1520#prod100011001075,x Off White hooded jacket,6,Clothing,Jacket
prod2302#prod100101003050,Relaxed-fit jeans,5,Clothing,Jeans
prod1542#prod103031003070,Denim shirt dress,6,Clothing,Dress
prod1546#prod103071007095,Relaxed-fit trousers,7,Clothing,Trousers
prod2301#prod114111010030,Striped shirt dress,5,Clothing,Dress
prod1560#prod105031003120,Tailored coat,0,Clothing,Coat
prod3165#prod114121062120,Leather ankle boots,1,Shoes,Boots
prod3146#prod100141002050,Low-top sneakers,0,Shoes,Sneakers
prod3147#prod100151004050,High-top sneakers,2,Shoes,Sneakers
prod1548#prod104001000060,High-top sneakers,5,Shoes,Sneakers
prod1524#prod100051005120,Satin blouse,0,Clothing,Blouse
prod3150#prod102091003060,Embellished dress,4,Clothing,Dress
prod2305#prod101101000115,High-top sneakers,1,Shoes,Sneakers
prod1533#prod102001000070,x Off White hoodie,7,Clothing,Hoodie
prod3143#prod101141010065,Skinny jeans,1,Clothing,Jeans
prod3149#prod102081002090,Tapered jeans,9,Clothing,Jeans
prod2329#prod100121010110,x Off White bomber jacket,10,Clothing,Jacket
prod1585#prod500001015070,Tailored waistcoat,301,Clothing,Waistcoat
prod2289#prod113111027120,Slim-fit chinos,5,Clothing,Chinos
prod3141#prod101121002100,Lace blouse,8,Clothing,Blouse
prod1529#prod101021002085,Slim-fit trousers,8,Clothing,Trousers
prod3212#prod115031007065,Logo-print T-shirt,4,Clothing,T-shirt
prod1523#prod100041004070,Studded clutch bag,10,Accessories,Bags
prod3215#prod120001005085,Satin blazer,0,Clothing,Blazer
prod1530#prod101031003075,Sneakers,18,Shoes,Sneakers
prod3217#prod121001010065,High-top sneakers,5,Shoes,Sneakers
prod1560#prod105031003090,Tailored coat,0,Clothing,Coat
prod1519#prod100001000100,Straight-leg tailored trousers,10,Clothing,Tailored Pants
prod3165#prod114121062090,Leather ankle boots,2,Shoes,Boots
prod1563#prod106011001105,Suede loafers,0,Shoes,Loafers
prod1565#prod106031003040,Embellished clutch bag,0,Accessories,Bags
prod2301#prod114111010040,Striped shirt dress,7,Clothing,Dress
prod1575#prod108031003120,Straight-leg trousers,1,Clothing,Trousers
prod1522#prod100031003085,Leather belt,7,Accessories,Belts
prod1531#prod101041004080,Tailored blazer,9,Clothing,Blazer
prod1526#prod100071007060,Striped shirt dress,5,Clothing,Dress
prod1536#prod102031003060,Leather ankle boots,3,Shoes,Boots
prod2297#prod114071022110,Leather sandals,4,Shoes,Sandals
prod2298#prod114081025050,Logo-print baseball cap,0,Accessories,Caps
prod1544#prod103051005065,Graphic T-shirt,3,Clothing,T-shirt
prod2306#prod102061000115,Tailored coat,0,Clothing,Coat
prod1574#prod108021002085,Logo-print hoodie,6,Clothing,Hoodie
prod1540#prod103011001080,Silk blouse,0,Clothing,Blouse
prod1528#prod101011001090,Logo-print T-shirt,10,Clothing,T-shirt
prod2281#prod100091003130,Bootcut jeans,0,Clothing,Jeans
prod3145#prod100131001110,Relaxed-fit trousers,6,Clothing,Trousers
prod1563#prod106011001110,Suede loafers,0,Shoes,Loafers
prod1546#prod103071007130,Relaxed-fit trousers,2,Clothing,Trousers
prod1519#prod100001000115,Straight-leg tailored trousers,3,Clothing,Tailored Pants
prod2299#prod114091024020,Embellished shoulder bag,3,Accessories,Bags
prod1560#prod105031003085,Tailored coat,0,Clothing,Coat
prod1530#prod101031003060,Sneakers,3,Shoes,Sneakers
prod3215#prod120001005090,Satin blazer,0,Clothing,Blazer
prod3217#prod121001010070,High-top sneakers,4,Shoes,Sneakers
prod1523#prod100041004065,Studded clutch bag,2,Accessories,Bags
prod3212#prod115031007070,Logo-print T-shirt,5,Clothing,T-shirt
prod2988#prod502021015300,Logo-print scarf,85,Accessories,Scarves
prod1529#prod101021002090,Slim-fit trousers,11,Clothing,Trousers
prod3141#prod101121002115,Lace blouse,6,Clothing,Blouse
prod2300#prod114101011030,Silk blouse,7,Clothing,Blouse
prod3214#prod117021007120,Leather belt,0,Accessories,Belts
prod2329#prod100121010105,x Off White bomber jacket,10,Clothing,Jacket
prod3149#prod102081002085,Tapered jeans,5,Clothing,Jeans
prod1566#prod106041004050,Lace blouse,2,Clothing,Blouse
prod1533#prod102001000065,x Off White hoodie,18,Clothing,Hoodie
prod1640#prod110001009120,Embellished shoulder bag,5,Accessories,Bags
prod3143#prod101141010070,Skinny jeans,0,Clothing,Jeans
prod2305#prod101101000100,High-top sneakers,6,Shoes,Sneakers
prod3150#prod102091003075,Embellished dress,4,Clothing,Dress
prod1538#prod102051009120,Logo-print belt,4,Accessories,Belts
prod3145#prod100131001105,Relaxed-fit trousers,7,Clothing,Trousers
prod1528#prod101011001085,Logo-print T-shirt,9,Clothing,T-shirt
prod1540#prod103011001095,Silk blouse,3,Clothing,Blouse
prod1544#prod103051005070,Graphic T-shirt,7,Clothing,T-shirt
prod1574#prod108021002090,Logo-print hoodie,7,Clothing,Hoodie
prod2306#prod102061000100,Tailored coat,0,Clothing,Coat
prod1536#prod102031003075,Leather ankle boots,11,Shoes,Boots
prod1526#prod100071007075,Striped shirt dress,9,Clothing,Dress
prod1543#prod103041004120,Skinny jeans,3,Clothing,Jeans
prod1531#prod101041004095,Tailored blazer,0,Clothing,Blazer
prod1522#prod100031003090,Leather belt,21,Accessories,Belts
prod3218#prod121011003070,Studded clutch bag,0,Accessories,Bags
prod3151#prod102101004065,Logo-print T-shirt,5,Clothing,T-shirt
prod1574#prod108021002120,Logo-print hoodie,4,Clothing,Hoodie
prod2300#prod114101011040,Silk blouse,5,Clothing,Blouse
prod3176#prod113131067100,Slim-fit jeans,6,Clothing,Jeans
prod2303#prod100111000100,Graphic T-shirt,0,Clothing,T-shirt
prod2281#prod100091003095,Bootcut jeans,2,Clothing,Jeans
prod2293#prod500011014100,Tailored waistcoat,33,Clothing,Waistcoat
prod1642#prod112001010080,Silk camisole,3,Clothing,Camisole
prod3150#prod102091003115,Embellished dress,4,Clothing,Dress
prod2305#prod101101000060,High-top sneakers,0,Shoes,Sneakers
prod3143#prod101141010110,Skinny jeans,0,Clothing,Jeans
prod1533#prod102001000105,x Off White hoodie,1,Clothing,Hoodie
prod1566#prod106041004130,Lace blouse,0,Clothing,Blouse
prod2329#prod100121010065,x Off White bomber jacket,5,Clothing,Jacket
prod2330#prod117001005085,Suede loafers,3,Shoes,Loafers
prod3141#prod101121002075,Lace blouse,3,Clothing,Blouse
prod3147#prod100151004095,High-top sneakers,9,Shoes,Sneakers
prod3958#prod20201000075,Embellished dress,0,Clothing,Dress
prod1580#prod113031003050,Low-top sneakers,0,Shoes,Sneakers
prod1527#prod101001000085,Tapered jeans,9,Clothing,Jeans
prod3212#prod115031007110,Logo-print T-shirt,5,Clothing,T-shirt
prod3142#prod101131004085,Floral shirt dress,9,Clothing,Dress
prod2302#prod100101003095,Relaxed-fit jeans,5,Clothing,Jeans
prod1523#prod100041004105,Studded clutch bag,4,Accessories,Bags
prod3217#prod121001010110,High-top sneakers,0,Shoes,Sneakers
prod1530#prod101031003100,Sneakers,17,Shoes,Sneakers
prod1567#prod107001000080,Floral shirt dress,3,Clothing,Dress
prod1519#prod100001000075,Straight-leg tailored trousers,13,Clothing,Tailored Pants
prod1546#prod103071007050,Relaxed-fit trousers,2,Clothing,Trousers
prod2276#prod501131002207,Suede sandals,2,Shoes,Sandals
prod3146#prod100141002095,Low-top sneakers,0,Shoes,Sneakers
prod1563#prod106011001070,Suede loafers,8,Shoes,Loafers
prod2299#prod114091024080,Embellished shoulder bag,36,Accessories,Bags
prod1526#prod100071007115,Striped shirt dress,5,Clothing,Dress
prod1564#prod106021002090,Logo-print scarf,9,Accessories,Scarves
prod2300#prod114101011090,Silk blouse,14,Clothing,Blouse
prod1536#prod102031003115,Leather ankle boots,3,Shoes,Boots
prod2306#prod102061000060,Tailored coat,1,Clothing,Coat
prod2181#prod501051005203,Striped shirt,24,Clothing,Shirt
prod1544#prod103051005110,Graphic T-shirt,0,Clothing,T-shirt
prod2182#prod501061007201,Relaxed-fit jeans,9,Clothing,Jeans
prod3144#prod100161004120,Graphic hoodie,0,Clothing,Hoodie
prod3145#prod100131001065,Relaxed-fit trousers,4,Clothing,Trousers
prod1539#prod103001000110,Embroidered clutch bag,5,Accessories,Bags
prod1594#prod115001005070,Leather loafers,6,Shoes,Loafers
prod1595#prod115011003070,Logo-print cap,9,Accessories,Caps
prod1521#prod100021002115,Suede ankle boots,1,Shoes,Boots
prod1565#prod106031003085,Embellished clutch bag,5,Accessories,Bags
prod2299#prod114091024130,Embellished shoulder bag,0,Accessories,Bags
prod3161#prod112031058070,Logo-print hoodie,7,Clothing,Hoodie
prod2280#prod501101021202,Checked shirt,43,Clothing,Shirt
prod2293#prod500011014060,Tailored waistcoat,25,Clothing,Waistcoat
prod3144#prod100161004090,Graphic hoodie,0,Clothing,Hoodie
prod2304#prod101091003085,Straight-leg trousers,14,Clothing,Trousers
prod2303#prod100111000060,Graphic T-shirt,0,Clothing,T-shirt
prod3176#prod113131067060,Slim-fit jeans,6,Clothing,Jeans
prod1564#prod106021002120,Logo-print scarf,1,Accessories,Scarves
prod2300#prod114101011120,Silk blouse,0,Clothing,Blouse
prod3151#prod102101004105,Logo-print T-shirt,3,Clothing,T-shirt
prod3218#prod121011003110,Studded clutch bag,0,Accessories,Bags
prod2292#prod116021027110,Low-top trainers,13,Shoes,Trainers
prod3169#prod114511011626,Embroidered dress,2,Clothing,Dress
prod1566#prod106041004080,Lace blouse,6,Clothing,Blouse
prod2183#prod501071018204,Graphic sweatshirt,22,Clothing,Sweatshirt
prod1572#prod108001000105,Slim-fit jeans,3,Clothing,Jeans
prod1562#prod106001000065,x Off White bomber jacket,4,Clothing,Jacket
prod3169#prod114511011630,Embroidered dress,4,Clothing,Dress
prod1520#prod100011001100,x Off White hooded jacket,19,Clothing,Jacket
prod2296#prod114061003060,x Off White tracksuit,31,Clothing,Tracksuit
prod1542#prod103031003105,Denim shirt dress,5,Clothing,Dress
prod1567#prod107001000130,Floral shirt dress,2,Clothing,Dress
prod1548#prod104001000115,High-top sneakers,0,Shoes,Sneakers
prod2330#prod117001005105,Suede loafers,7,Shoes,Loafers
prod2292#prod116021027120,Low-top trainers,0,Shoes,Trainers
prod3149#prod102081002065,Tapered jeans,5,Clothing,Jeans
prod3143#prod101141010090,Skinny jeans,5,Clothing,Jeans
prod1520#prod100011001130,x Off White hooded jacket,3,Clothing,Jacket
prod1533#prod102001000085,x Off White hoodie,1,Clothing,Hoodie
prod2296#prod114061003050,x Off White tracksuit,2,Clothing,Tracksuit
prod3150#prod102091003095,Embellished dress,11,Clothing,Dress
prod2278#prod501151004204,Embellished tote bag,10,Accessories,Bags
prod1642#prod112001010100,Silk camisole,4,Clothing,Camisole
prod3146#prod100141002115,Low-top sneakers,2,Shoes,Sneakers
prod1560#prod105031003065,Tailored coat,2,Clothing,Coat
prod1567#prod107001000100,Floral shirt dress,0,Clothing,Dress
prod3217#prod121001010090,High-top sneakers,0,Shoes,Sneakers
prod3215#prod120001005070,Satin blazer,0,Clothing,Blazer
prod1530#prod101031003080,Sneakers,10,Shoes,Sneakers
prod3142#prod101131004105,Floral shirt dress,7,Clothing,Dress
prod2302#prod100101003115,Relaxed-fit jeans,8,Clothing,Jeans
prod1523#prod100041004085,Studded clutch bag,3,Accessories,Bags
prod3212#prod115031007090,Logo-print T-shirt,12,Clothing,T-shirt
prod1527#prod101001000105,Tapered jeans,8,Clothing,Jeans
prod1529#prod101021002070,Slim-fit trousers,5,Clothing,Trousers
prod3147#prod100151004115,High-top sneakers,2,Shoes,Sneakers
prod1539#prod103001000120,Embroidered clutch bag,1,Accessories,Bags
prod1526#prod100071007095,Striped shirt dress,15,Clothing,Dress
prod1531#prod101041004075,Tailored blazer,1,Clothing,Blazer
prod1522#prod100031003070,Leather belt,13,Accessories,Belts
prod2293#prod500011014050,Tailored waistcoat,43,Clothing,Waistcoat
prod2299#prod114091024100,Embellished shoulder bag,8,Accessories,Bags
prod2303#prod100111000050,Graphic T-shirt,0,Clothing,T-shirt
prod3176#prod113131067050,Slim-fit jeans,2,Clothing,Jeans
prod1528#prod101011001065,Logo-print T-shirt,5,Clothing,T-shirt
prod1540#prod103011001075,Silk blouse,3,Clothing,Blouse
prod3218#prod121011003120,Studded clutch bag,0,Accessories,Bags
prod1574#prod108021002070,Logo-print hoodie,3,Clothing,Hoodie
prod1544#prod103051005090,Graphic T-shirt,1,Clothing,T-shirt
prod2300#prod114101011110,Silk blouse,0,Clothing,Blouse
prod1564#prod106021002110,Logo-print scarf,2,Accessories,Scarves
prod1536#prod102031003095,Leather ankle boots,7,Shoes,Boots
prod3160#prod112021057075,Slim-fit trousers,4,Clothing,Trousers
prod1575#prod108031003065,Straight-leg trousers,4,Clothing,Trousers
prod1521#prod100021002095,Suede ankle boots,0,Shoes,Boots
prod1565#prod106031003105,Embellished clutch bag,6,Accessories,Bags
prod1539#prod103001000090,Embroidered clutch bag,12,Accessories,Bags
prod1543#prod103041004070,Skinny jeans,8,Clothing,Jeans
prod3151#prod102101004085,Logo-print T-shirt,6,Clothing,T-shirt
prod3218#prod121011003090,Studded clutch bag,0,Accessories,Bags
prod2306#prod102061000050,Tailored coat,7,Clothing,Coat
prod1544#prod103051005120,Graphic T-shirt,1,Clothing,T-shirt
prod2992#prod502061050302,Embellished clutch bag,188,Accessories,Bags
prod2304#prod101091003105,Straight-leg trousers,4,Clothing,Trousers
prod2296#prod114061003020,x Off White tracksuit,6,Clothing,Tracksuit
prod2281#prod100091003075,Bootcut jeans,0,Clothing,Jeans
prod3144#prod100161004110,Graphic hoodie,0,Clothing,Hoodie
prod3143#prod101141010120,Skinny jeans,1,Clothing,Jeans
prod1520#prod100011001080,x Off White hooded jacket,15,Clothing,Jacket
prod1640#prod110001009070,Embellished shoulder bag,10,Accessories,Bags
prod2305#prod101101000050,High-top sneakers,4,Shoes,Sneakers
prod1538#prod102051009070,Logo-print belt,11,Accessories,Belts
prod1524#prod100051005065,Satin blouse,2,Clothing,Blouse
prod1572#prod108001000085,Slim-fit jeans,4,Clothing,Jeans
prod1592#prod502001015300,x Off White tracksuit,74,Clothing,Tracksuit
prod3214#prod117021007070,Leather belt,6,Accessories,Belts
prod3720#prod17821002085,Logo-print hoodie,0,Clothing,Hoodie
prod1566#prod106041004100,Lace blouse,5,Clothing,Blouse
prod2292#prod116021027090,Low-top trainers,19,Shoes,Trainers
prod3212#prod115031007120,Logo-print T-shirt,2,Clothing,T-shirt
prod1548#prod104001000095,High-top sneakers,4,Shoes,Sneakers
prod1580#prod113031003060,Low-top sneakers,3,Shoes,Sneakers
prod1546#prod103071007060,Relaxed-fit trousers,2,Clothing,Trousers
prod3217#prod121001010120,High-top sneakers,0,Shoes,Sneakers
prod1542#prod103031003085,Denim shirt dress,12,Clothing,Dress
prod1530#prod101031003130,Sneakers,0,Shoes,Sneakers
prod2280#prod501101021203,Checked shirt,23,Clothing,Shirt
prod2306#prod102061000090,Tailored coat,0,Clothing,Coat
prod1574#prod108021002100,Logo-print hoodie,5,Clothing,Hoodie
prod1564#prod106021002060,Logo-print scarf,2,Accessories,Scarves
prod2300#prod114101011060,Silk blouse,4,Clothing,Blouse
prod1528#prod101011001115,Logo-print T-shirt,1,Clothing,T-shirt
prod3218#prod121011003050,Studded clutch bag,3,Accessories,Bags
prod1540#prod103011001105,Silk blouse,4,Clothing,Blouse
prod3176#prod113131067120,Slim-fit jeans,1,Clothing,Jeans
prod2303#prod100111000120,Graphic T-shirt,2,Clothing,T-shirt
prod3145#prod100131001095,Relaxed-fit trousers,4,Clothing,Trousers
prod2299#prod114091024070,Embellished shoulder bag,45,Accessories,Bags
prod1595#prod115011003130,Logo-print cap,2,Accessories,Caps
prod2293#prod500011014120,Tailored waistcoat,35,Clothing,Waistcoat
prod1531#prod101041004105,Tailored blazer,0,Clothing,Blazer
prod1522#prod100031003100,Leather belt,22,Accessories,Belts
prod1594#prod115001005130,Leather loafers,2,Shoes,Loafers
prod1539#prod103001000050,Embroidered clutch bag,1,Accessories,Bags
prod1527#prod101001000075,Tapered jeans,8,Clothing,Jeans
prod3147#prod100151004065,High-top sneakers,10,Shoes,Sneakers
prod1529#prod101021002100,Slim-fit trousers,5,Clothing,Trousers
prod3169#prod114511011631,Embroidered dress,4,Clothing,Dress
prod3215#prod120001005100,Satin blazer,0,Clothing,Blazer
prod2302#prod100101003065,Relaxed-fit jeans,9,Clothing,Jeans
prod3142#prod101131004075,Floral shirt dress,5,Clothing,Dress
prod3169#prod114511011627,Embroidered dress,4,Clothing,Dress
prod3146#prod100141002065,Low-top sneakers,7,Shoes,Sneakers
prod1563#prod106011001080,Suede loafers,0,Shoes,Loafers
prod2277#prod501141003201,Logo-print beanie,15,Accessories,Beanies
prod1567#prod107001000070,Floral shirt dress,1,Clothing,Dress
prod1560#prod105031003115,Tailored coat,1,Clothing,Coat
prod2183#prod501071018205,Graphic sweatshirt,11,Clothing,Sweatshirt
prod1519#prod100001000085,Straight-leg tailored trousers,0,Clothing,Tailored Pants
prod1642#prod112001010070,Silk camisole,5,Clothing,Camisole
prod2296#prod114061003120,x Off White tracksuit,2,Clothing,Tracksuit
prod2305#prod101101000090,High-top sneakers,1,Shoes,Sneakers
prod3149#prod102081002115,Tapered jeans,4,Clothing,Jeans
prod2329#prod100121010095,x Off White bomber jacket,14,Clothing,Jacket
prod3141#prod101121002085,Lace blouse,15,Clothing,Blouse
prod2330#prod117001005075,Suede loafers,1,Shoes,Loafers
prod3217#prod121001010050,High-top sneakers,0,Shoes,Sneakers
prod1563#prod106011001130,Suede loafers,0,Shoes,Loafers
prod1546#prod103071007110,Relaxed-fit trousers,3,Clothing,Trousers
prod1580#prod113031003110,Low-top sneakers,0,Shoes,Sneakers
prod3212#prod115031007050,Logo-print T-shirt,3,Clothing,T-shirt
prod3214#prod117021007100,Leather belt,0,Accessories,Belts
prod1566#prod106041004070,Lace blouse,5,Clothing,Blouse
prod1562#prod106001000095,x Off White bomber jacket,6,Clothing,Jacket
prod1524#prod100051005115,Satin blouse,0,Clothing,Blouse
prod1538#prod102051009100,Logo-print belt,14,Accessories,Belts
prod1640#prod110001009100,Embellished shoulder bag,12,Accessories,Bags
prod2296#prod114061003090,x Off White tracksuit,66,Clothing,Tracksuit
prod3143#prod101141010050,Skinny jeans,0,Clothing,Jeans
prod2305#prod101101000120,High-top sneakers,3,Shoes,Sneakers
prod3176#prod113131067090,Slim-fit jeans,6,Clothing,Jeans
prod2304#prod101091003075,Straight-leg trousers,9,Clothing,Trousers
prod2303#prod100111000090,Graphic T-shirt,0,Clothing,T-shirt
prod3144#prod100161004060,Graphic hoodie,0,Clothing,Hoodie
prod2281#prod100091003105,Bootcut jeans,7,Clothing,Jeans
prod1544#prod103051005050,Graphic T-shirt,2,Clothing,T-shirt
prod2306#prod102061000120,Tailored coat,0,Clothing,Coat
prod2274#prod501111000207,x Off White sweatpants,3,Clothing,Sweatpants
prod1543#prod103041004100,Skinny jeans,0,Clothing,Jeans
prod2279#prod501091020207,Lace dress,4,Clothing,Dress
prod1594#prod115001005080,Leather loafers,7,Shoes,Loafers
prod1575#prod108031003115,Straight-leg trousers,4,Clothing,Trousers
prod3161#prod112031058080,Logo-print hoodie,14,Clothing,Hoodie
prod1565#prod106031003075,Embellished clutch bag,12,Accessories,Bags
prod1595#prod115011003080,Logo-print cap,5,Accessories,Caps
prod2293#prod500011014090,Tailored waistcoat,46,Clothing,Waistcoat
prod3160#prod112021057105,Slim-fit trousers,6,Clothing,Trousers
prod2181#prod501051005202,Striped shirt,17,Clothing,Shirt
prod3145#prod100131001115,Relaxed-fit trousers,2,Clothing,Trousers
prod3144#prod100161004050,Graphic hoodie,1,Clothing,Hoodie
prod1540#prod103011001085,Silk blouse,0,Clothing,Blouse
prod1528#prod101011001095,Logo-print T-shirt,3,Clothing,T-shirt
prod1536#prod102031003065,Leather ankle boots,7,Shoes,Boots
prod1544#prod103051005060,Graphic T-shirt,3,Clothing,T-shirt
prod1574#prod108021002080,Logo-print hoodie,0,Clothing,Hoodie
prod2306#prod102061000110,Tailored coat,0,Clothing,Coat
prod1526#prod100071007065,Striped shirt dress,4,Clothing,Dress
prod1522#prod100031003080,Leather belt,27,Accessories,Belts
prod1543#prod103041004130,Skinny jeans,2,Clothing,Jeans
prod1531#prod101041004085,Tailored blazer,8,Clothing,Blazer
prod1592#prod502001015301,x Off White tracksuit,141,Clothing,Tracksuit
prod1546#prod103071007120,Relaxed-fit trousers,1,Clothing,Trousers
prod2299#prod114091024030,Embellished shoulder bag,7,Accessories,Bags
prod1519#prod100001000105,Straight-leg tailored trousers,5,Clothing,Tailored Pants
prod1560#prod105031003095,Tailored coat,0,Clothing,Coat
prod1563#prod106011001100,Suede loafers,0,Shoes,Loafers
prod1523#prod100041004075,Studded clutch bag,0,Accessories,Bags
prod3215#prod120001005080,Satin blazer,0,Clothing,Blazer
prod1530#prod101031003070,Sneakers,10,Shoes,Sneakers
prod3217#prod121001010060,High-top sneakers,1,Shoes,Sneakers
prod3212#prod115031007060,Logo-print T-shirt,4,Clothing,T-shirt
prod1529#prod101021002080,Slim-fit trousers,9,Clothing,Trousers
prod1580#prod113031003120,Low-top sneakers,0,Shoes,Sneakers
prod2300#prod114101011020,Silk blouse,2,Clothing,Blouse
prod3141#prod101121002105,Lace blouse,7,Clothing,Blouse
prod2329#prod100121010115,x Off White bomber jacket,4,Clothing,Jacket
prod3149#prod102081002095,Tapered jeans,10,Clothing,Jeans
prod3214#prod117021007130,Leather belt,1,Accessories,Belts
prod2305#prod101101000110,High-top sneakers,3,Shoes,Sneakers
prod1533#prod102001000075,x Off White hoodie,0,Clothing,Hoodie
prod3143#prod101141010060,Skinny jeans,3,Clothing,Jeans
prod1538#prod102051009130,Logo-print belt,0,Accessories,Belts
prod3150#prod102091003065,Embellished dress,6,Clothing,Dress
prod1548#prod104001000065,High-top sneakers,2,Shoes,Sneakers
prod2278#prod501151004205,Embellished tote bag,3,Accessories,Bags
prod1529#prod101021002130,Slim-fit trousers,0,Clothing,Trousers
prod1580#prod113031003090,Low-top sneakers,0,Shoes,Sneakers
prod1546#prod103071007090,Relaxed-fit trousers,5,Clothing,Trousers
prod3215#prod120001005130,Satin blazer,1,Clothing,Blazer
prod1542#prod103031003075,Denim shirt dress,6,Clothing,Dress
prod2296#prod114061003110,x Off White tracksuit,9,Clothing,Tracksuit
prod1640#prod110001009080,Embellished shoulder bag,24,Accessories,Bags
prod1520#prod100011001070,x Off White hooded jacket,9,Clothing,Jacket
prod1524#prod100051005095,Satin blouse,0,Clothing,Blouse
prod1538#prod102051009080,Logo-print belt,18,Accessories,Belts
prod1572#prod108001000075,Slim-fit jeans,1,Clothing,Jeans
prod1562#prod106001000115,x Off White bomber jacket,0,Clothing,Jacket
prod2292#prod116021027060,Low-top trainers,0,Shoes,Trainers
prod3214#prod117021007080,Leather belt,2,Accessories,Belts
prod3218#prod121011003060,Studded clutch bag,1,Accessories,Bags
prod3151#prod102101004075,Logo-print T-shirt,5,Clothing,T-shirt
prod2300#prod114101011050,Silk blouse,8,Clothing,Blouse
prod1564#prod106021002050,Logo-print scarf,4,Accessories,Scarves
prod1574#prod108021002130,Logo-print hoodie,2,Clothing,Hoodie
prod2281#prod100091003085,Bootcut jeans,9,Clothing,Jeans
prod3176#prod113131067110,Slim-fit jeans,5,Clothing,Jeans
prod2303#prod100111000110,Graphic T-shirt,0,Clothing,T-shirt
prod3160#prod112021057085,Slim-fit trousers,7,Clothing,Trousers
prod2293#prod500011014110,Tailored waistcoat,6,Clothing,Waistcoat
prod2299#prod114091024040,Embellished shoulder bag,3,Accessories,Bags
prod1521#prod100021002065,Suede ankle boots,6,Shoes,Boots
prod1595#prod115011003100,Logo-print cap,7,Accessories,Caps
prod1575#prod108031003095,Straight-leg trousers,4,Clothing,Trousers
prod3161#prod112031058100,Logo-print hoodie,9,Clothing,Hoodie
prod1594#prod115001005100,Leather loafers,0,Shoes,Loafers
prod1539#prod103001000060,Embroidered clutch bag,4,Accessories,Bags
prod1522#prod100031003130,Leather belt,4,Accessories,Belts
prod1543#prod103041004080,Skinny jeans,0,Clothing,Jeans
prod3214#prod117021007095,Leather belt,1,Accessories,Belts
prod3149#prod102081002130,Tapered jeans,3,Clothing,Jeans
prod1562#prod106001000100,x Off White bomber jacket,3,Clothing,Jacket
prod2289#prod113111027080,Slim-fit chinos,25,Clothing,Chinos
prod2298#prod114081025030,Logo-print baseball cap,5,Accessories,Caps
prod1572#prod108001000060,Slim-fit jeans,0,Clothing,Jeans
prod2330#prod117001005050,Suede loafers,1,Shoes,Loafers
prod1524#prod100051005080,Satin blouse,8,Clothing,Blouse
prod1538#prod102051009095,Logo-print belt,14,Accessories,Belts
prod1640#prod110001009095,Embellished shoulder bag,14,Accessories,Bags
prod1520#prod100011001065,x Off White hooded jacket,5,Clothing,Jacket
prod1542#prod103031003060,Denim shirt dress,1,Clothing,Dress
prod3142#prod101131004050,Floral shirt dress,3,Clothing,Dress
prod3165#prod114121062130,Leather ankle boots,0,Shoes,Boots
prod1546#prod103071007085,Relaxed-fit trousers,9,Clothing,Trousers
prod2301#prod114111010020,Striped shirt dress,2,Clothing,Dress
prod1560#prod105031003130,Tailored coat,0,Clothing,Coat
prod1527#prod101001000050,Tapered jeans,1,Clothing,Jeans
prod1548#prod104001000070,High-top sneakers,8,Shoes,Sneakers
prod1543#prod103041004095,Skinny jeans,4,Clothing,Jeans
prod1531#prod101041004120,Tailored blazer,0,Clothing,Blazer
prod1539#prod103001000075,Embroidered clutch bag,3,Accessories,Bags
prod1594#prod115001005115,Leather loafers,5,Shoes,Loafers
prod1575#prod108031003080,Straight-leg trousers,11,Clothing,Trousers
prod3161#prod112031058115,Logo-print hoodie,4,Clothing,Hoodie
prod1521#prod100021002070,Suede ankle boots,13,Shoes,Boots
prod1595#prod115011003115,Logo-print cap,1,Accessories,Caps
prod3160#prod112021057090,Slim-fit trousers,7,Clothing,Trousers
prod2284#prod113061003060,Logo-print shorts,3,Clothing,Shorts
prod2303#prod100111000105,Graphic T-shirt,0,Clothing,T-shirt
prod2281#prod100091003090,Bootcut jeans,0,Clothing,Jeans
prod1528#prod101011001130,Logo-print T-shirt,0,Clothing,T-shirt
prod3218#prod121011003075,Studded clutch bag,0,Accessories,Bags
prod1540#prod103011001120,Silk blouse,2,Clothing,Blouse
prod3151#prod102101004060,Logo-print T-shirt,4,Clothing,T-shirt
prod2992#prod502061050300,Embellished clutch bag,177,Accessories,Bags
prod1575#prod108031003130,Straight-leg trousers,3,Clothing,Trousers
prod1565#prod106031003050,Embellished clutch bag,1,Accessories,Bags
prod2301#prod114111010050,Striped shirt dress,4,Clothing,Dress
prod3160#prod112021057120,Slim-fit trousers,2,Clothing,Trousers
prod1531#prod101041004090,Tailored blazer,10,Clothing,Blazer
prod1522#prod100031003095,Leather belt,4,Accessories,Belts
prod1526#prod100071007070,Striped shirt dress,12,Clothing,Dress
prod1544#prod103051005075,Graphic T-shirt,4,Clothing,T-shirt
prod2306#prod102061000105,Tailored coat,0,Clothing,Coat
prod1574#prod108021002095,Logo-print hoodie,7,Clothing,Hoodie
prod1536#prod102031003070,Leather ankle boots,10,Shoes,Boots
prod2297#prod114071022100,Leather sandals,11,Shoes,Sandals
prod2298#prod114081025040,Logo-print baseball cap,2,Accessories,Caps
prod1528#prod101011001080,Logo-print T-shirt,7,Clothing,T-shirt
prod1540#prod103011001090,Silk blouse,1,Clothing,Blouse
prod2304#prod101091003050,Straight-leg trousers,0,Clothing,Trousers
prod2281#prod100091003120,Bootcut jeans,0,Clothing,Jeans
prod3145#prod100131001100,Relaxed-fit trousers,7,Clothing,Trousers
prod3150#prod102091003070,Embellished dress,10,Clothing,Dress
prod1524#prod100051005130,Satin blouse,0,Clothing,Blouse
prod1533#prod102001000060,x Off White hoodie,11,Clothing,Hoodie
prod3143#prod101141010075,Skinny jeans,6,Clothing,Jeans
prod2305#prod101101000105,High-top sneakers,6,Shoes,Sneakers
prod1585#prod500001015060,Tailored waistcoat,212,Clothing,Waistcoat
prod3149#prod102081002080,Tapered jeans,7,Clothing,Jeans
prod2329#prod100121010100,x Off White bomber jacket,12,Clothing,Jacket
prod3141#prod101121002110,Lace blouse,7,Clothing,Blouse
prod1529#prod101021002095,Slim-fit trousers,9,Clothing,Trousers
prod1592#prod502001015302,x Off White tracksuit,71,Clothing,Tracksuit
prod3212#prod115031007075,Logo-print T-shirt,5,Clothing,T-shirt
prod1530#prod101031003065,Sneakers,1,Shoes,Sneakers
prod3215#prod120001005095,Satin blazer,0,Clothing,Blazer
prod3217#prod121001010075,High-top sneakers,5,Shoes,Sneakers
prod1523#prod100041004060,Studded clutch bag,2,Accessories,Bags
prod3165#prod114121062080,Leather ankle boots,0,Shoes,Boots
prod1563#prod106011001115,Suede loafers,0,Shoes,Loafers
prod1560#prod105031003080,Tailored coat,0,Clothing,Coat
prod1519#prod100001000110,Straight-leg tailored trousers,4,Clothing,Tailored Pants
prod1640#prod110001009115,Embellished shoulder bag,6,Accessories,Bags
prod1533#prod102001000050,x Off White hoodie,8,Clothing,Hoodie
prod1524#prod100051005100,Satin blouse,0,Clothing,Blouse
prod1538#prod102051009115,Logo-print belt,4,Accessories,Belts
prod2276#prod501131002205,Suede sandals,7,Shoes,Sandals
prod1562#prod106001000080,x Off White bomber jacket,7,Clothing,Jacket
prod3141#prod101121002120,Lace blouse,2,Clothing,Blouse
prod2289#prod113111027100,Slim-fit chinos,16,Clothing,Chinos
prod1566#prod106041004065,Lace blouse,2,Clothing,Blouse
prod2329#prod100121010130,x Off White bomber jacket,1,Clothing,Jacket
prod1585#prod500001015050,Tailored waistcoat,33,Clothing,Waistcoat
prod3214#prod117021007115,Leather belt,1,Accessories,Belts
prod1546#prod103071007105,Relaxed-fit trousers,3,Clothing,Trousers
prod1519#prod100001000120,Straight-leg tailored trousers,2,Clothing,Tailored Pants
prod1523#prod100041004050,Studded clutch bag,1,Accessories,Bags
prod3160#prod112021057110,Slim-fit trousers,4,Clothing,Trousers
prod2301#prod114111010060,Striped shirt dress,24,Clothing,Dress
prod1565#prod106031003060,Embellished clutch bag,4,Accessories,Bags
prod1595#prod115011003095,Logo-print cap,8,Accessories,Caps
prod2279#prod501091020204,Lace dress,19,Clothing,Dress
prod1575#prod108031003100,Straight-leg trousers,7,Clothing,Trousers
prod3161#prod112031058095,Logo-print hoodie,9,Clothing,Hoodie
prod1594#prod115001005095,Leather loafers,9,Shoes,Loafers
prod2181#prod501051005201,Striped shirt,10,Clothing,Shirt
prod2182#prod501061007203,Relaxed-fit jeans,20,Clothing,Jeans
prod1543#prod103041004115,Skinny jeans,4,Clothing,Jeans
prod2298#prod114081025070,Logo-print baseball cap,8,Accessories,Caps
prod2297#prod114071022130,Leather sandals,0,Shoes,Sandals
prod3145#prod100131001130,Relaxed-fit trousers,0,Clothing,Trousers
prod3144#prod100161004075,Graphic hoodie,0,Clothing,Hoodie
prod2281#prod100091003110,Bootcut jeans,5,Clothing,Jeans
prod2304#prod101091003060,Straight-leg trousers,3,Clothing,Trousers
prod2303#prod100111000085,Graphic T-shirt,0,Clothing,T-shirt
prod2274#prod501111000204,x Off White sweatpants,17,Clothing,Sweatpants
prod1522#prod100031003115,Leather belt,9,Accessories,Belts
prod1531#prod101041004110,Tailored blazer,5,Clothing,Blazer
prod3145#prod100131001080,Relaxed-fit trousers,8,Clothing,Trousers
prod2284#prod113061003050,Logo-print shorts,4,Clothing,Shorts
prod1540#prod103011001110,Silk blouse,5,Clothing,Blouse
prod3151#prod102101004050,Logo-print T-shirt,3,Clothing,T-shirt
prod1528#prod101011001100,Logo-print T-shirt,3,Clothing,T-shirt
prod1564#prod106021002075,Logo-print scarf,10,Accessories,Scarves
prod2297#prod114071022080,Leather sandals,34,Shoes,Sandals
prod1574#prod108021002115,Logo-print hoodie,3,Clothing,Hoodie
prod2306#prod102061000085,Tailored coat,3,Clothing,Coat
prod1572#prod108001000050,Slim-fit jeans,1,Clothing,Jeans
prod2330#prod117001005060,Suede loafers,4,Shoes,Loafers
prod1562#prod106001000130,x Off White bomber jacket,3,Clothing,Jacket
prod3141#prod101121002090,Lace blouse,14,Clothing,Blouse
prod2329#prod100121010080,x Off White bomber jacket,32,Clothing,Jacket
prod3149#prod102081002100,Tapered jeans,5,Clothing,Jeans
prod2305#prod101101000085,High-top sneakers,4,Shoes,Sneakers
prod1642#prod112001010065,Silk camisole,4,Clothing,Camisole
prod1519#prod100001000090,Straight-leg tailored trousers,4,Clothing,Tailored Pants
prod1567#prod107001000065,Floral shirt dress,2,Clothing,Dress
prod1560#prod105031003100,Tailored coat,0,Clothing,Coat
prod3169#prod114511011632,Embroidered dress,5,Clothing,Dress
prod3165#prod114121062100,Leather ankle boots,0,Shoes,Boots
prod1563#prod106011001095,Suede loafers,0,Shoes,Loafers
prod3146#prod100141002070,Low-top sneakers,3,Shoes,Sneakers
prod2302#prod100101003070,Relaxed-fit jeans,10,Clothing,Jeans
prod3142#prod101131004060,Floral shirt dress,5,Clothing,Dress
prod3215#prod120001005115,Satin blazer,2,Clothing,Blazer
prod1542#prod103031003050,Denim shirt dress,3,Clothing,Dress
prod3169#prod114511011624,Embroidered dress,0,Clothing,Dress
prod2277#prod501141003202,Logo-print beanie,33,Accessories,Beanies
prod1529#prod101021002115,Slim-fit trousers,1,Clothing,Trousers
prod3147#prod100151004070,High-top sneakers,11,Shoes,Sneakers
prod1527#prod101001000060,Tapered jeans,3,Clothing,Jeans
prod2281#prod100091003060,Bootcut jeans,3,Clothing,Jeans
prod3144#prod100161004105,Graphic hoodie,0,Clothing,Hoodie
prod2304#prod101091003110,Straight-leg trousers,4,Clothing,Trousers
prod2284#prod113061003090,Logo-print shorts,23,Clothing,Shorts
prod2297#prod114071022040,Leather sandals,5,Shoes,Sandals
prod2298#prod114081025100,Logo-print baseball cap,0,Accessories,Caps
prod1536#prod102031003130,Leather ankle boots,2,Shoes,Boots
prod2992#prod502061050301,Embellished clutch bag,381,Accessories,Bags
prod3151#prod102101004090,Logo-print T-shirt,8,Clothing,T-shirt
prod3218#prod121011003085,Studded clutch bag,5,Accessories,Bags
prod1543#prod103041004065,Skinny jeans,4,Clothing,Jeans
prod1539#prod103001000085,Embroidered clutch bag,13,Accessories,Bags
prod1526#prod100071007130,Striped shirt dress,2,Clothing,Dress
prod1565#prod106031003110,Embellished clutch bag,0,Accessories,Bags
prod2301#prod114111010110,Striped shirt dress,4,Clothing,Dress
prod1521#prod100021002080,Suede ankle boots,17,Shoes,Boots
prod1575#prod108031003070,Straight-leg trousers,8,Clothing,Trousers
prod3160#prod112021057060,Slim-fit trousers,3,Clothing,Trousers
prod1523#prod100041004120,Studded clutch bag,1,Accessories,Bags
prod1542#prod103031003090,Denim shirt dress,8,Clothing,Dress
prod1519#prod100001000050,Straight-leg tailored trousers,7,Clothing,Tailored Pants
prod1546#prod103071007075,Relaxed-fit trousers,7,Clothing,Trousers
prod3160#prod112021057095,Slim-fit trousers,7,Clothing,Trousers
prod1575#prod108031003085,Straight-leg trousers,7,Clothing,Trousers
prod3161#prod112031058110,Logo-print hoodie,7,Clothing,Hoodie
prod2299#prod114091024050,Embellished shoulder bag,1,Accessories,Bags
prod1521#prod100021002075,Suede ankle boots,9,Shoes,Boots
prod1595#prod115011003110,Logo-print cap,3,Accessories,Caps
prod1594#prod115001005110,Leather loafers,5,Shoes,Loafers
prod1539#prod103001000070,Embroidered clutch bag,4,Accessories,Bags
prod1543#prod103041004090,Skinny jeans,1,Clothing,Jeans
prod3231#prod502111053300,Straight-leg tailored trousers,113,Clothing,Tailored Pants
prod1522#prod100031003120,Leather belt,6,Accessories,Belts
prod1548#prod104001000075,High-top sneakers,0,Shoes,Sneakers
prod1580#prod113031003080,Low-top sneakers,7,Shoes,Sneakers
prod1529#prod101021002120,Slim-fit trousers,2,Clothing,Trousers
prod1546#prod103071007080,Relaxed-fit trousers,8,Clothing,Trousers
prod1567#prod107001000050,Floral shirt dress,2,Clothing,Dress
prod2278#prod501151004203,Embellished tote bag,21,Accessories,Bags
prod3215#prod120001005120,Satin blazer,0,Clothing,Blazer
prod1542#prod103031003065,Denim shirt dress,2,Clothing,Dress
prod2296#prod114061003100,x Off White tracksuit,17,Clothing,Tracksuit
prod1640#prod110001009090,Embellished shoulder bag,24,Accessories,Bags
prod1520#prod100011001060,x Off White hooded jacket,5,Clothing,Jacket
prod1642#prod112001010050,Silk camisole,2,Clothing,Camisole
prod1524#prod100051005085,Satin blouse,16,Clothing,Blouse
prod1538#prod102051009090,Logo-print belt,20,Accessories,Belts
prod1562#prod106001000105,x Off White bomber jacket,3,Clothing,Jacket
prod1572#prod108001000065,Slim-fit jeans,1,Clothing,Jeans
prod3214#prod117021007090,Leather belt,1,Accessories,Belts
prod2292#prod116021027070,Low-top trainers,16,Shoes,Trainers
prod3147#prod100151004075,High-top sneakers,5,Shoes,Sneakers
prod1529#prod101021002110,Slim-fit trousers,0,Clothing,Trousers
prod1527#prod101001000065,Tapered jeans,6,Clothing,Jeans
prod2277#prod501141003207,Logo-print beanie,4,Accessories,Beanies
prod2273#prod503181030500,Tailored vest,7,Clothing,Vest
prod2183#prod501071018203,Graphic sweatshirt,34,Clothing,Sweatshirt
prod2302#prod100101003075,Relaxed-fit jeans,0,Clothing,Jeans
prod3142#prod101131004065,Floral shirt dress,6,Clothing,Dress
prod3215#prod120001005110,Satin blazer,2,Clothing,Blazer
prod1560#prod105031003105,Tailored coat,0,Clothing,Coat
prod1567#prod107001000060,Floral shirt dress,3,Clothing,Dress
prod1519#prod100001000095,Straight-leg tailored trousers,0,Clothing,Tailored Pants
prod3146#prod100141002075,Low-top sneakers,0,Shoes,Sneakers
prod1563#prod106011001090,Suede loafers,0,Shoes,Loafers
prod1642#prod112001010060,Silk camisole,4,Clothing,Camisole
prod2305#prod101101000080,High-top sneakers,2,Shoes,Sneakers
prod2296#prod114061003130,x Off White tracksuit,0,Clothing,Tracksuit
prod1520#prod100011001050,x Off White hooded jacket,2,Clothing,Jacket
prod3149#prod102081002105,Tapered jeans,1,Clothing,Jeans
prod2329#prod100121010085,x Off White bomber jacket,18,Clothing,Jacket
prod2330#prod117001005065,Suede loafers,4,Shoes,Loafers
prod3141#prod101121002095,Lace blouse,8,Clothing,Blouse
prod1564#prod106021002070,Logo-print scarf,4,Accessories,Scarves
prod2300#prod114101011070,Silk blouse,44,Clothing,Blouse
prod2306#prod102061000080,Tailored coat,0,Clothing,Coat
prod1574#prod108021002110,Logo-print hoodie,4,Clothing,Hoodie
prod1540#prod103011001115,Silk blouse,5,Clothing,Blouse
prod1528#prod101011001105,Logo-print T-shirt,8,Clothing,T-shirt
prod2280#prod501101021205,Checked shirt,6,Clothing,Shirt
prod2303#prod100111000130,Graphic T-shirt,4,Clothing,T-shirt
prod3145#prod100131001085,Relaxed-fit trousers,4,Clothing,Trousers
prod2299#prod114091024060,Embellished shoulder bag,2,Accessories,Bags
prod1595#prod115011003120,Logo-print cap,2,Accessories,Caps
prod3161#prod112031058120,Logo-print hoodie,2,Clothing,Hoodie
prod2293#prod500011014130,Tailored waistcoat,56,Clothing,Waistcoat
prod1522#prod100031003110,Leather belt,16,Accessories,Belts
prod1531#prod101041004115,Tailored blazer,1,Clothing,Blazer
prod1594#prod115001005120,Leather loafers,2,Shoes,Loafers
prod3144#prod100161004070,Graphic hoodie,0,Clothing,Hoodie
prod2281#prod100091003115,Bootcut jeans,1,Clothing,Jeans
prod3176#prod113131067080,Slim-fit jeans,26,Clothing,Jeans
prod2274#prod501111000201,x Off White sweatpants,12,Clothing,Sweatpants
prod2304#prod101091003065,Straight-leg trousers,6,Clothing,Trousers
prod2303#prod100111000080,Graphic T-shirt,0,Clothing,T-shirt
prod2306#prod102061000130,Tailored coat,3,Clothing,Coat
prod1543#prod103041004110,Skinny jeans,1,Clothing,Jeans
prod2268#prod503141035500,High-top trainers,5,Shoes,Trainers
prod2181#prod501051005204,Striped shirt,21,Clothing,Shirt
prod1594#prod115001005090,Leather loafers,13,Shoes,Loafers
prod1565#prod106031003065,Embellished clutch bag,6,Accessories,Bags
prod1595#prod115011003090,Logo-print cap,8,Accessories,Caps
prod1575#prod108031003105,Straight-leg trousers,4,Clothing,Trousers
prod2279#prod501091020201,Lace dress,8,Clothing,Dress
prod3161#prod112031058090,Logo-print hoodie,15,Clothing,Hoodie
prod3160#prod112021057115,Slim-fit trousers,2,Clothing,Trousers
prod2293#prod500011014080,Tailored waistcoat,35,Clothing,Waistcoat
prod1530#prod101031003050,Sneakers,3,Shoes,Sneakers
prod1546#prod103071007100,Relaxed-fit trousers,6,Clothing,Trousers
prod1563#prod106011001120,Suede loafers,0,Shoes,Loafers
prod1580#prod113031003100,Low-top sneakers,8,Shoes,Sneakers
prod1566#prod106041004060,Lace blouse,1,Clothing,Blouse
prod3214#prod117021007110,Leather belt,0,Accessories,Belts
prod1562#prod106001000085,x Off White bomber jacket,3,Clothing,Jacket
prod1524#prod100051005105,Satin blouse,0,Clothing,Blouse
prod1538#prod102051009110,Logo-print belt,8,Accessories,Belts
prod2305#prod101101000130,High-top sneakers,0,Shoes,Sneakers
prod1640#prod110001009110,Embellished shoulder bag,8,Accessories,Bags
prod2296#prod114061003080,x Off White tracksuit,70,Clothing,Tracksuit
prod1539#prod103001000130,Embroidered clutch bag,1,Accessories,Bags
prod1594#prod115001005050,Leather loafers,3,Shoes,Loafers
prod1526#prod100071007085,Striped shirt dress,18,Clothing,Dress
prod1522#prod100031003060,Leather belt,1,Accessories,Belts
prod1531#prod101041004065,Tailored blazer,2,Clothing,Blazer
prod1595#prod115011003050,Logo-print cap,3,Accessories,Caps
prod2299#prod114091024110,Embellished shoulder bag,2,Accessories,Bags
prod3161#prod112031058050,Logo-print hoodie,3,Clothing,Hoodie
prod3231#prod502111053301,Straight-leg tailored trousers,83,Clothing,Tailored Pants
prod1540#prod103011001065,Silk blouse,2,Clothing,Blouse
prod3218#prod121011003130,Studded clutch bag,0,Accessories,Bags
prod1528#prod101011001075,Logo-print T-shirt,4,Clothing,T-shirt
prod2300#prod114101011100,Silk blouse,0,Clothing,Blouse
prod1564#prod106021002100,Logo-print scarf,2,Accessories,Scarves
prod1536#prod102031003085,Leather ankle boots,8,Shoes,Boots
prod1574#prod108021002060,Logo-print hoodie,2,Clothing,Hoodie
prod1544#prod103051005080,Graphic T-shirt,2,Clothing,T-shirt
prod2330#prod117001005115,Suede loafers,3,Shoes,Loafers
prod3149#prod102081002075,Tapered jeans,8,Clothing,Jeans
prod2278#prod501151004202,Embellished tote bag,25,Accessories,Bags
prod3143#prod101141010080,Skinny jeans,2,Clothing,Jeans
prod1520#prod100011001120,x Off White hooded jacket,4,Clothing,Jacket
prod1533#prod102001000095,x Off White hoodie,0,Clothing,Hoodie
prod2296#prod114061003040,x Off White tracksuit,8,Clothing,Tracksuit
prod1642#prod112001010110,Silk camisole,4,Clothing,Camisole
prod3150#prod102091003085,Embellished dress,5,Clothing,Dress
prod1567#prod107001000110,Floral shirt dress,2,Clothing,Dress
prod1560#prod105031003075,Tailored coat,0,Clothing,Coat
prod3146#prod100141002105,Low-top sneakers,9,Shoes,Sneakers
prod3142#prod101131004115,Floral shirt dress,4,Clothing,Dress
prod2302#prod100101003105,Relaxed-fit jeans,0,Clothing,Jeans
prod1523#prod100041004095,Studded clutch bag,0,Accessories,Bags
prod3217#prod121001010080,High-top sneakers,7,Shoes,Sneakers
prod1530#prod101031003090,Sneakers,11,Shoes,Sneakers
prod3215#prod120001005060,Satin blazer,0,Clothing,Blazer
prod3212#prod115031007080,Logo-print T-shirt,11,Clothing,T-shirt
prod1529#prod101021002060,Slim-fit trousers,4,Clothing,Trousers
prod3147#prod100151004105,High-top sneakers,0,Shoes,Sneakers
prod1527#prod101001000115,Tapered jeans,2,Clothing,Jeans
prod2988#prod502021015301,Logo-print scarf,305,Accessories,Scarves
prod3143#prod101141010130,Skinny jeans,1,Clothing,Jeans
prod1520#prod100011001090,x Off White hooded jacket,30,Clothing,Jacket
prod1640#prod110001009060,Embellished shoulder bag,5,Accessories,Bags
prod1538#prod102051009060,Logo-print belt,3,Accessories,Belts
prod1524#prod100051005075,Satin blouse,0,Clothing,Blouse
prod1572#prod108001000095,Slim-fit jeans,9,Clothing,Jeans
prod1566#prod106041004110,Lace blouse,1,Clothing,Blouse
prod2292#prod116021027080,Low-top trainers,33,Shoes,Trainers
prod3214#prod117021007060,Leather belt,3,Accessories,Belts
prod1548#prod104001000085,High-top sneakers,2,Shoes,Sneakers
prod3212#prod115031007130,Logo-print T-shirt,1,Clothing,T-shirt
prod1580#prod113031003070,Low-top sneakers,11,Shoes,Sneakers
prod1546#prod103071007070,Relaxed-fit trousers,6,Clothing,Trousers
prod1563#prod106011001050,Suede loafers,0,Shoes,Loafers
prod3217#prod121001010130,High-top sneakers,0,Shoes,Sneakers
prod1542#prod103031003095,Denim shirt dress,8,Clothing,Dress
prod1530#prod101031003120,Sneakers,3,Shoes,Sneakers
prod3160#prod112021057065,Slim-fit trousers,4,Clothing,Trousers
prod1521#prod100021002085,Suede ankle boots,0,Shoes,Boots
prod1565#prod106031003115,Embellished clutch bag,3,Accessories,Bags
prod1575#prod108031003075,Straight-leg trousers,8,Clothing,Trousers
prod1539#prod103001000080,Embroidered clutch bag,12,Accessories,Bags
prod1543#prod103041004060,Skinny jeans,2,Clothing,Jeans
prod3151#prod102101004095,Logo-print T-shirt,6,Clothing,T-shirt
prod3218#prod121011003080,Studded clutch bag,1,Accessories,Bags
prod1544#prod103051005130,Graphic T-shirt,1,Clothing,T-shirt
prod2281#prod100091003065,Bootcut jeans,1,Clothing,Jeans
prod3144#prod100161004100,Graphic hoodie,1,Clothing,Hoodie
prod2304#prod101091003115,Straight-leg trousers,1,Clothing,Trousers
prod2296#prod114061003030,x Off White tracksuit,11,Clothing,Tracksuit
prod2299#prod114091024090,Embellished shoulder bag,35,Accessories,Bags
prod1543#prod103041004050,Skinny jeans,4,Clothing,Jeans
prod1526#prod100071007105,Striped shirt dress,7,Clothing,Dress
prod2306#prod102061000070,Tailored coat,15,Clothing,Coat
prod1544#prod103051005100,Graphic T-shirt,6,Clothing,T-shirt
prod1564#prod106021002080,Logo-print scarf,10,Accessories,Scarves
prod2300#prod114101011080,Silk blouse,20,Clothing,Blouse
prod1536#prod102031003105,Leather ankle boots,4,Shoes,Boots
prod3144#prod100161004130,Graphic hoodie,0,Clothing,Hoodie
prod2181#prod501051005205,Striped shirt,9,Clothing,Shirt
prod3145#prod100131001075,Relaxed-fit trousers,3,Clothing,Trousers
prod2182#prod501061007207,Relaxed-fit jeans,3,Clothing,Jeans
prod3150#prod102091003105,Embellished dress,7,Clothing,Dress
prod1538#prod102051009050,Logo-print belt,2,Accessories,Belts
prod1642#prod112001010090,Silk camisole,5,Clothing,Camisole
prod3143#prod101141010100,Skinny jeans,0,Clothing,Jeans
prod1533#prod102001000115,x Off White hoodie,4,Clothing,Hoodie
prod1640#prod110001009050,Embellished shoulder bag,2,Accessories,Bags
prod2305#prod101101000070,High-top sneakers,6,Shoes,Sneakers
prod3214#prod117021007050,Leather belt,1,Accessories,Belts
prod1566#prod106041004120,Lace blouse,2,Clothing,Blouse
prod2329#prod100121010075,x Off White bomber jacket,7,Clothing,Jacket
prod3141#prod101121002065,Lace blouse,3,Clothing,Blouse
prod2330#prod117001005095,Suede loafers,1,Shoes,Loafers
prod1527#prod101001000095,Tapered jeans,12,Clothing,Jeans
prod3147#prod100151004085,High-top sneakers,5,Shoes,Sneakers
prod3212#prod115031007100,Logo-print T-shirt,2,Clothing,T-shirt
prod2276#prod501131002201,Suede sandals,19,Shoes,Sandals
prod3217#prod121001010100,High-top sneakers,0,Shoes,Sneakers
prod1530#prod101031003110,Sneakers,6,Shoes,Sneakers
prod3142#prod101131004095,Floral shirt dress,13,Clothing,Dress
prod2302#prod100101003085,Relaxed-fit jeans,8,Clothing,Jeans
prod1523#prod100041004115,Studded clutch bag,2,Accessories,Bags
prod3146#prod100141002085,Low-top sneakers,0,Shoes,Sneakers
prod1563#prod106011001060,Suede loafers,4,Shoes,Loafers
prod1567#prod107001000090,Floral shirt dress,1,Clothing,Dress
prod1519#prod100001000065,Straight-leg tailored trousers,0,Clothing,Tailored Pants
prod2292#prod116021027100,Low-top trainers,32,Shoes,Trainers
prod1566#prod106041004090,Lace blouse,8,Clothing,Blouse
prod1562#prod106001000075,x Off White bomber jacket,8,Clothing,Jacket
prod1572#prod108001000115,Slim-fit jeans,2,Clothing,Jeans
prod2183#prod501071018202,Graphic sweatshirt,33,Clothing,Sweatshirt
prod1642#prod112001010120,Silk camisole,0,Clothing,Camisole
prod1520#prod100011001110,x Off White hooded jacket,12,Clothing,Jacket
prod2296#prod114061003070,x Off White tracksuit,46,Clothing,Tracksuit
prod1542#prod103031003115,Denim shirt dress,3,Clothing,Dress
prod3215#prod120001005050,Satin blazer,0,Clothing,Blazer
prod1567#prod107001000120,Floral shirt dress,2,Clothing,Dress
prod1529#prod101021002050,Slim-fit trousers,2,Clothing,Trousers
prod1548#prod104001000105,High-top sneakers,3,Shoes,Sneakers
prod1522#prod100031003050,Leather belt,1,Accessories,Belts
prod1539#prod103001000100,Embroidered clutch bag,10,Accessories,Bags
prod2280#prod501101021204,Checked shirt,18,Clothing,Shirt
prod1594#prod115001005060,Leather loafers,0,Shoes,Loafers
prod3161#prod112031058060,Logo-print hoodie,4,Clothing,Hoodie
prod1595#prod115011003060,Logo-print cap,3,Accessories,Caps
prod1521#prod100021002105,Suede ankle boots,0,Shoes,Boots
prod1565#prod106031003095,Embellished clutch bag,11,Accessories,Bags
prod2299#prod114091024120,Embellished shoulder bag,0,Accessories,Bags
prod2293#prod500011014070,Tailored waistcoat,37,Clothing,Waistcoat
prod2304#prod101091003095,Straight-leg trousers,8,Clothing,Trousers
prod2303#prod100111000070,Graphic T-shirt,0,Clothing,T-shirt
prod3176#prod113131067070,Slim-fit jeans,19,Clothing,Jeans
prod3144#prod100161004080,Graphic hoodie,0,Clothing,Hoodie
prod1574#prod108021002050,Logo-print hoodie,2,Clothing,Hoodie
prod1564#prod106021002130,Logo-print scarf,2,Accessories,Scarves
prod2300#prod114101011130,Silk blouse,0,Clothing,Blouse
prod3151#prod102101004115,Logo-print T-shirt,4,Clothing,T-shirt
prod3218#prod121011003100,Studded clutch bag,0,Accessories,Bags
